{
    "name": "root",
    "gauges": {
        "DriveBehavior.Policy.Entropy.mean": {
            "value": 1.1040858030319214,
            "min": 1.1040858030319214,
            "max": 1.418938398361206,
            "count": 382
        },
        "DriveBehavior.Policy.Entropy.sum": {
            "value": 1823.9498291015625,
            "min": 212.8603515625,
            "max": 2152.234375,
            "count": 382
        },
        "DriveBehavior.Environment.EpisodeLength.mean": {
            "value": 235.0,
            "min": 0.0,
            "max": 3675.0,
            "count": 371
        },
        "DriveBehavior.Environment.EpisodeLength.sum": {
            "value": 1645.0,
            "min": 0.0,
            "max": 4385.0,
            "count": 371
        },
        "DriveBehavior.Step.mean": {
            "value": 381871.0,
            "min": 999.0,
            "max": 381871.0,
            "count": 382
        },
        "DriveBehavior.Step.sum": {
            "value": 381871.0,
            "min": 999.0,
            "max": 381871.0,
            "count": 382
        },
        "DriveBehavior.Policy.ExtrinsicValueEstimate.mean": {
            "value": 5201.98974609375,
            "min": -0.05749279260635376,
            "max": 6251.14892578125,
            "count": 382
        },
        "DriveBehavior.Policy.ExtrinsicValueEstimate.sum": {
            "value": 36413.9296875,
            "min": -4.828500747680664,
            "max": 62200.8203125,
            "count": 382
        },
        "DriveBehavior.Environment.CumulativeReward.mean": {
            "value": 10283.656563963208,
            "min": 3.3333334922790527,
            "max": 96076.46875,
            "count": 361
        },
        "DriveBehavior.Environment.CumulativeReward.sum": {
            "value": 71985.59594774246,
            "min": 3.3333334922790527,
            "max": 301376.58203172684,
            "count": 361
        },
        "DriveBehavior.Policy.ExtrinsicReward.mean": {
            "value": 10283.656563963208,
            "min": 3.3333334922790527,
            "max": 96076.46875,
            "count": 361
        },
        "DriveBehavior.Policy.ExtrinsicReward.sum": {
            "value": 71985.59594774246,
            "min": 3.3333334922790527,
            "max": 301376.58203172684,
            "count": 361
        },
        "DriveBehavior.IsTraining.mean": {
            "value": 1.0,
            "min": 1.0,
            "max": 1.0,
            "count": 382
        },
        "DriveBehavior.IsTraining.sum": {
            "value": 1.0,
            "min": 1.0,
            "max": 1.0,
            "count": 382
        },
        "DriveBehavior.Losses.PolicyLoss.mean": {
            "value": 0.10020815476126657,
            "min": 0.09434773945439683,
            "max": 0.10392874513492122,
            "count": 31
        },
        "DriveBehavior.Losses.PolicyLoss.sum": {
            "value": 0.10020815476126657,
            "min": 0.09434773945439683,
            "max": 0.10392874513492122,
            "count": 31
        },
        "DriveBehavior.Losses.ValueLoss.mean": {
            "value": 1758848.8439136127,
            "min": 111525.10598053141,
            "max": 2230171.259038801,
            "count": 31
        },
        "DriveBehavior.Losses.ValueLoss.sum": {
            "value": 1758848.8439136127,
            "min": 111525.10598053141,
            "max": 2230171.259038801,
            "count": 31
        },
        "DriveBehavior.Policy.LearningRate.mean": {
            "value": 0.000158349047217,
            "min": 0.000158349047217,
            "max": 0.00029549737650087494,
            "count": 31
        },
        "DriveBehavior.Policy.LearningRate.sum": {
            "value": 0.000158349047217,
            "min": 0.000158349047217,
            "max": 0.00029549737650087494,
            "count": 31
        },
        "DriveBehavior.Policy.Epsilon.mean": {
            "value": 0.152783,
            "min": 0.152783,
            "max": 0.19849912500000003,
            "count": 31
        },
        "DriveBehavior.Policy.Epsilon.sum": {
            "value": 0.152783,
            "min": 0.152783,
            "max": 0.19849912500000003,
            "count": 31
        },
        "DriveBehavior.Policy.Beta.mean": {
            "value": 0.0005325516999999999,
            "min": 0.0005325516999999999,
            "max": 0.0009851413375,
            "count": 31
        },
        "DriveBehavior.Policy.Beta.sum": {
            "value": 0.0005325516999999999,
            "min": 0.0005325516999999999,
            "max": 0.0009851413375,
            "count": 31
        }
    },
    "metadata": {
        "timer_format_version": "0.1.0",
        "start_time_seconds": "1668689270",
        "python_version": "3.8.10 (tags/v3.8.10:3d8993a, May  3 2021, 11:48:03) [MSC v.1928 64 bit (AMD64)]",
        "command_line_arguments": "C:\\Users\\olive\\AppData\\Local\\Packages\\PythonSoftwareFoundation.Python.3.8_qbz5n2kfra8p0\\LocalCache\\local-packages\\Python38\\Scripts\\mlagents-learn config/Drive.yaml --run-id=MiddleSensor2",
        "mlagents_version": "0.28.0",
        "mlagents_envs_version": "0.28.0",
        "communication_protocol_version": "1.5.0",
        "pytorch_version": "1.7.1+cu110",
        "numpy_version": "1.23.3",
        "end_time_seconds": "1668695955"
    },
    "total": 6684.4094789,
    "count": 1,
    "self": 0.01620900000034453,
    "children": {
        "run_training.setup": {
            "total": 0.25551560000000006,
            "count": 1,
            "self": 0.25551560000000006
        },
        "TrainerController.start_learning": {
            "total": 6684.1377543,
            "count": 1,
            "self": 11.917025200104035,
            "children": {
                "TrainerController._reset_env": {
                    "total": 14.506561800000002,
                    "count": 1,
                    "self": 14.506561800000002
                },
                "TrainerController.advance": {
                    "total": 6657.334860399897,
                    "count": 389549,
                    "self": 11.659616299924892,
                    "children": {
                        "env_step": {
                            "total": 6294.7822588000645,
                            "count": 389549,
                            "self": 5668.55785640033,
                            "children": {
                                "SubprocessEnvManager._take_step": {
                                    "total": 618.0213958999043,
                                    "count": 389549,
                                    "self": 32.31130200011944,
                                    "children": {
                                        "TorchPolicy.evaluate": {
                                            "total": 585.7100938997849,
                                            "count": 383027,
                                            "self": 99.30553509967768,
                                            "children": {
                                                "TorchPolicy.sample_actions": {
                                                    "total": 486.40455880010717,
                                                    "count": 383027,
                                                    "self": 486.40455880010717
                                                }
                                            }
                                        }
                                    }
                                },
                                "workers": {
                                    "total": 8.203006499830554,
                                    "count": 389548,
                                    "self": 0.0,
                                    "children": {
                                        "worker_root": {
                                            "total": 6592.21835060003,