{"count":1,"self":347.4113024,"total":611.9657169,"children":{"InitializeActuators":{"count":1,"self":0.0029717999999999997,"total":0.0029717999999999997,"children":null},"InitializeSensors":{"count":1,"self":0.0030093999999999997,"total":0.0030093999999999997,"children":null},"AgentSendState":{"count":155684,"self":4.5210148,"total":13.9109351,"children":{"CollectObservations":{"count":15569,"self":0.0409092,"total":0.0409092,"children":null},"WriteActionMask":{"count":15569,"self":0.0438868,"total":0.0438868,"children":null},"RequestDecision":{"count":15569,"self":0.19845859999999999,"total":9.3051242,"children":{"AgentInfo.ToProto":{"count":15569,"self":0.1900159,"total":9.1066656,"children":{"GenerateSensorData":{"count":15569,"self":8.7297656,"total":8.9166496999999989,"children":{"RayPerceptionSensor.Perceive":{"count":46707,"self":0.1868838,"total":0.1868838,"children":null}}}}}}}}},"DecideAction":{"count":155684,"self":122.46425599999999,"total":122.46426129999999,"children":null},"AgentAct":{"count":155684,"self":127.9768192,"total":128.1722378,"children":{"AgentInfo.ToProto":{"count":291,"self":0.0039881,"total":0.1954194,"children":{"GenerateSensorData":{"count":291,"self":0.18744229999999998,"total":0.1914313,"children":{"RayPerceptionSensor.Perceive":{"count":873,"self":0.0039889999999999995,"total":0.0039889999999999995,"children":null}}}}}}}},"gauges":{"DriveBehavior.CumulativeReward":{"count":291,"max":87832.56,"min":14310.6436,"runningAverage":79517.2656,"value":83505.93,"weightedAverage":78481.31}},"metadata":{"timer_format_version":"0.1.0","start_time_seconds":"1671630341","unity_version":"2020.3.22f1","command_line_arguments":"C:\\Program Files\\Unity\\Hub\\Editor\\2020.3.22f1\\Editor\\Unity.exe -projectpath C:\/source\/Unity\/ReinforcementLearning-Car -useHub -hubIPC -cloudEnvironment production -hubSessionId 42f72040-811d-11ed-b418-bb3b217e3d4c -accessToken iFrc2AOlvjzdu0BcSzCeku7PRRVZOzjw5Z-2QC-J6Fw008f","communication_protocol_version":"1.5.0","com.unity.ml-agents_version":"2.2.1-exp.1","scene_name":"Map1","end_time_seconds":"1671630953"}}